Name,Roll,Phone,Email,Branch,Section
John Doe,2026-CS-01,9876543210,john@college.edu,CSE,A
Jane Smith,2026-CS-02,9123456789,jane@college.edu,ECE,B
charitha,24n81a05e5,7093734585,boddupallycharitha3@gmail.com,CSE,C
charitha,23n81a05e4,7093734584,boddupallycharitha3@gmail.com,CSE,C
charitha,23n81a05e3,7093734583,boddupallycharitha@gmail.com,CSE,C
charitha,23n81a05e1,7093734581,boddupallycharitha@gmail.com,CSE,C
charitha,23n81a05e2,7093734582,boddupallycharitha@gmail.com,CSE,C
charitha,23n81a05e3,7093734583,boddupallycharitha@gmail.com,CSE,C
charitha,23n81a05e6,7093734586,boddupallycharitha@gmail.com,CSE,C
